title,score,num_comments,timestamp,post_text,author
Is this EC propery true (and more follow up question bellow) ? (xpriv G) + (ypriv G) = (xpriv + ypriv) G,1,2,2024-10-26 06:51:22,"# 

(xpriv G) + (ypriv G) = (xpriv + ypriv) G  
G generator point  
xpriv, ypriv is integer from Fp finite field (p curve order)

\+ is + mod p

if this is true, is the following also true:

Bob can generate ethereum (ECDSA) keypair, and share his pub key with Alice,  
Alice can generate keypair and share pub key with Bob.

they can generate unified pub key by adding (ec point addition) those two pub keys, and from it  
generate valid ethereum account address.

while they keep their private keys secret, wallet address is watch-only, no single individual can sign transactions  
and move assets from that address. Only way to reconstruct private key for that wallet(account) address  
is for both Bobs and Alices private keys to be added (integer addition in Fp)

Is this know fact ? I want to make a centralized system  
but without custody of users wallets, so idea was to generate deposit addresses,  
and private keys for deposit addresses can only be constructed when both users and my centralized system  
agree on reveailing privay keys to each other.

Please tell me can this work, is it already implemented somewhere, is it wrong ?",Unhappy-Departure141
Short-term storage of 100tb of data,1,6,2024-10-24 21:03:02,"I'm looking for a way to restructure my storage infrastructure without buying additional storage. I have about 100 TB of data stored on a storage server; it's not critical data, yet I also don't want to lose it.

I don't have enough spare disk to copy this off locally, so my next thought was looking at the cloud for a short-term storage solution where I could use my 10 gig Internet (enterprise quality blended bandwidth) to offload the data to a cloud resource, restructure my storage, and then import it back into the newly structured filesystem.

I looked at various public cloud providers, yet the cost is extremely prohibitive. I'd be better off buying a new server and putting it in my rack, and then I could rent this out and make money back. I don't really want to go this route.

Therefore, I'm wondering if there's a decentralized storage solution where I could send 100TB, reconfigure my storage, and then bring it back down with little expense. The restructure shouldn't take more than a day; the transfer, if I could get close to realizing my bandwidth, would take about 6 days.

Not knowing much about the decentralized storage market, is there a service that makes sense for this type of operation, both technically and monetarily?

Qualities would be:

- Fast ingress and egress of my data
- No need to duplicate the data locally
- Low cost
- Short commitment period
- Low barrier to entry for a seasoned systems engineer with little actual development background

I'd be willing to look at options where I can rent storage back to cover costs, yet I'm not sure if this is necessary.

If there's a better sub for this question, please advise and I can cross-post. I just wasn't sure where it belonged, so I went with the more general sub.

Thanks everyone in advance for your insights!",sirebral
API for NFT Pricing,1,11,2024-10-23 14:36:56,"Anyone recommend an API for to get NFT price and portfolio net worth? 

Used alchemy but that endpoint was broken and support said no timeline of when it would be fixed

I tried Moralis, dapp radar. None can give me accurate data on NFT price",Rare_Protection
Are ENS domains actually valuable?,3,2,2024-10-20 02:53:47,"Hi there!
I'm curious to know your thoughts about ENS domains.

Now that a couple of years have passed, what do you think are the main reasons a business should buy their web3 domain name?

It seems to me that while web2 domain names are absolutely crucial for most businesses, web3 domains are at best nice-to-have.

What are some examples of businesses that rely heavily on their ENS domain?",WeiRyk
Any crypto payment gateway sites WITHOUT KYC?,2,6,2024-10-19 10:08:47,I want to add crypto as a payment option to my site but I don't want to preform KYC.,Expert-Resource8920
Upgradeable proxy pattern: trading-off smart contract immutability for security?,2,3,2024-10-19 08:47:07,"Correct me if I'm wrong, but it seems like there's a consensus among blockchain security analysts about the need to use only [upgradeable proxy](https://docs.openzeppelin.com/contracts/5.x/api/proxy) contracts for our dapps. The rationale is that bugs could be patched before someone finds out how to exploit them as security vulnerabilities.

Fair enough. But one desirable feature of dapps is the immutability of the on-chain contract. The idea being that, as a user, you can read the code and then choose to interact with it, knowing that the conditions can't change. Wouldn't upgradeability hurt user's trust in the contract?

Imagine, for example, that someone releases an NFT collection of 1000 tokens, each mintable for 1 ETH. They set a 1% royalty for market transactions and they add a very strong guarantee: holders can, at any time, refund the token for 1 ETH. The smart contract is expected to hold the minting funds for possible refunds. The contract owner only profits from resales.

With such a strong guarantee that the token value will never go below 1 ETH, it quickly sells out. But this is an upgradeable contract. What is stopping the contract owner from pushing an upgrade to drain the funds from the contract after it sells out?

That's one of the discussions we've been having in the [Neulock Web3 Password Manager](https://neulock.app/) team. We've released it using upgradeable contracts, and it makes a lot of sense, especially for a utility, non-financial dapp. We have been upgrading the contracts for optimization and to add features, based on user feedback.

But we wonder if, at some point, we should consider the smart contract API as immutable and ditch the proxy pattern. That will be something to be discussed and voted in our DAO.

What are your takes?",DevelNeves
Some questions about art.,3,4,2024-10-16 23:56:25,"
The web3 scenario is heavily influenced for the artistic aspect of it - it was a subject for discussion during the bull market from 2021 and it‚Äôs still a good source of income for artists. So my question is: 

If you‚Äôre a founder/builder, what do you expect from a web3 artist to be good at (besides having good art obviously)?

If you‚Äôre an artist: what are the challenges you find in this space specifically?",ianbarreto00
Brainstorming Ideas for Hackathon,4,5,2024-10-16 11:45:10,"Hey everyone! I recently finished the Rust book and have worked on some basic projects . We have a college hackathon coming up, sponsored by EthIndia, 100xDev, and Codium.

The issue: I‚Äôm struggling to come up with a strong idea combining Rust and Web3 for the hackathon. Any brainstorming would be super helpful!

Looking forward to hearing your thoughts!",Timely-Sentence9654
Is Web 3 a philosophy or industry?,14,22,2024-10-15 10:21:46,Drop your comments would like to understand the whole concept of web3 as far as i know it is more hyped and more like a scam(because i got scammed a lot of times). I want to enter web3 and grab some opportunities and how to do that idk.,Current_Concern_3168
Are there organizations similar to startup accelerators or VCs that invest crypto instead of cash?,2,9,2024-10-14 21:58:08,"I'm building a list of capital groups that fund people that build things they love.

Curious if there are some innovative new things to check out in the crypto world.

Are there crypto credit cards? Crypto loans? Crypto angel investors?

Curious what capital sources exist.

Names and links would be much appreciated!",breck
Web 2 Business looking seriously into Web 3 ,4,19,2024-10-13 17:25:20,"Hi, we run a start up active in the beverage sector(s).  
  
Our mission is ""towards a decentralised beverage sector...""  
With very limited knowledge of Web 3 i do recognise that for various reasons there could be many benefits to stepping into the Web 3 space forr us but i don't really know where to start.

Is adding a web 3 payment option a sensible starting point?  
At what stage should we consider some sort of tokenisation project and is would this potentially be viable as part of a ""crowdfunding"" exercise?  
Is there anyone we should be speaking to at this early stage?

We only operate in local markets but across but our tech, once proven can be applied and (relatively easily) scaled across other country markets.

Any help of advice much welcome

",United_Guitar3489
Lesser known chains you wish had better wallet options?,2,0,2024-10-11 20:31:15,"Hey guys; I'm just a random Software Engineer looking to build my portfolio a bit for assisting with obtaining freelance clients, due to ongoing contracts I'm currently unable to produce a product for many of the mainstream blockchains, but I can comfortably publish open-source work for some lesser-known chains without much issue. Just curious if anyone has a chain that they're following that they'd like to see a decent web/mobile wallet implementation created. **Only request is that they have a test-network available.** ",DevHobbyist
"I cracked the code on Web3 client acquisition (and no, it's not just spamming Discord servers)",5,4,2024-10-09 09:45:14,"Hey Web3 folks,

So I've been tinkering with some growth hacking stuff for Web3 lately, and I thought I'd share some interesting things I've found. Figured it might help some of you out there trying to grow your projects or land clients.

Here's some of the cool stuff I discovered:

1. There's actually a way to spot companies about to launch tokens. Talk about good timing, right?
2. You can use AI to scan websites and figure out who might need Web3 services. Feels a bit like cheating, but in a good way.
3. Turns out, recently funded startups are goldmines if you're offering services. Makes sense when you think about it.
4. If you've got one solid client, there's a neat trick to find more just like them. It's pretty slick.
5. And get this - cold emails can actually work if you do them right. I know, I was shocked too.

I made a video diving into all this stuff because it got a bit too detailed for a Reddit post. If you're curious, [https://youtu.be/pA0mIchfup8](https://youtu.be/pA0mIchfup8)

I used a smart contract auditing company ""Quill Audits"" as an example, but it should work for most B2B stuff in Web3.

Anyway, what do you all think? Anyone tried something similar? Got any cool tricks of your own for landing Web3 clients or users? Would love to hear what's working for you.

Oh, and if this is helpful, I might dig into more specific Web3 niches later. Let me know if you'd be interested in that.  
[Web3 GTM Breakdown Youtube Link](https://youtu.be/pA0mIchfup8)  
",Subject-Committee937
Good chains for utility dapps,1,5,2024-10-08 10:22:14,"GM! This week we're launching Neulock Web3 Password Manager on Ethereum L1 and Arbitrum One, Base, and Optimism L2.

We've decided to start with Ethereum and its largest L2s due to security considerations. But the user should be free to choose whatever blockchain they prefer, so we want to be present wherever the user wants us. Moreover, the only security risk of using a poor chain is to the availability: since Neulock syncs passwords without ever exporting any secrets (not even under encryption) and the frontend verifies all data, there's no risk to password confidentiality and integrity. So, while we're confident that passwords synced with Neulock will remain confidential in any chain, it's up to the user to evaluate their favorite chain's availability guarantees.

After we are done launching on Ethereum and the big L2s, we'll be looking for more niche-oriented chains that are heavy on utility dapps and privacy-minded users. Any recommendations?

Thanks in advance!

",DevelNeves
Anyone here exploring less common languages for Web3 development?,3,5,2024-10-08 09:14:59,"I get it - JS and Python dominate the web dev scene, but has anyone played around with Elixir or Erlang for backend or decentralized app projects? With a strong concurrency model, these languages seem underutilized for things like real-time apps, messaging, or even blockchain. 

And I also stumbled upon a hackathon recently that‚Äôs pushing these boundaries‚Äîsuper curious to see how these less popular stacks perform. Thoughts?",OkDevelopment2922
How can I verify offchain payment like bank transfers on my blockchain? ,3,10,2024-10-04 13:52:02,"I am working on a dapp intended for real estate dealerships, I want users to pay using fiat currencies ie USD, I want user to make payment offchain. How can I verify such transactions on chain? ",bluetomatosoup
Scope of Adapting the Tap-to-Earn Mechanics to Larger PvP Web3 Games (RPGs/Adventure),2,7,2024-10-01 11:41:05,"Given how Tap-to-Earn games operate with numerous transactions occurring in a short time frame, surely this requires a blockchain able to support the necessary transaction speed. Now, could we explore a similar concept for a larger game, such as a fantasy RPG (adventure/PvP)? In this case, maybe instead of simple 'taps,' players could initiate several transactions by performing specific special attacks or moves against enemies.

What do you think is the scope for this?",Vamacharin
Web3 Infrastructure or dApps,9,11,2024-09-25 01:43:38,"Hi friends, for any startups, founders, advisors, developers, I got 2 questions, please state your experiences too!:  
  
1) There are many rollups layer 2 in development and coming out, if you are in my position of wanting to innovate, should we focus on building more infrastructures or on decentralized applications built on top of these newly launched layers 2?  

2) With the rapid advancement of technology, how do you stick with what you want to build? I'm sure that you have multiple ideas going on in your mind, how do you execute and stay convicted to one without thinking the about the others?",Logisec
What new promising blockchains you know ,8,26,2024-09-24 13:26:14,"Hey guys, I'd like to know about some thriving new blockchains on the market right know (especially in asian area) 
If you know some of them or maybe even used somehow, please share some insights. 
Thanks üôè",4ipsina
Super new to Web3 Gaming. Have some questions. Please help!,4,11,2024-09-24 09:25:49,"Hello!

I am super new to the Web3 gaming space & had a few questions I was curious about. Would love for some feedback, answers from those who have played/are playing these games.

- What do you enjoy most about these games versus Web2 games. If there is any significant difference apart from the earning bit.  
- What do you feel about the tap-to-earn gaming bit? Do you feel it has promise?  
- For those who have stopped playing these games - what made you pull out?  
- Which is the biggest stereotype about Web3 games that you dislike or would want to bust?

I am just weighing my pros and cons before getting invested. Thanks for all the help. Really appreciate it.",Money-Yak-7778
How do I promote my Web3 SaaS for tracking calls?,7,46,2024-09-23 20:44:29,"So, here‚Äôs my story‚ÄîI‚Äôve been deep in the Web3 and shitcoin trading world for a while now. One thing that constantly stands out is how scattered everything is. Traders are following callers everywhere: Telegram, Discord, Twitter, Reddit‚Äîyou name it. It's a mess to stay on top of it all.

And even worse, you never really know if a call was a success or not. I found myself wishing there was a way to just gather all these calls in one place, track their performance, and make sense of the chaos.

That‚Äôs when I decided to take matters into my own hands. I built a platform that pulls together calls from all over, grabs the token price at the time of the call, and follows its price trajectory over time. It‚Äôs like having a scorecard for calls, all in one place.

Now, here's where I‚Äôm stuck: I‚Äôm a developer, not a marketer. I‚Äôve set up a Twitter and even tried live streaming, but I feel like I‚Äôm not getting enough traction. How do I get the word out there? What can I do to promote this in a way that actually grabs people‚Äôs attention?

Any advice from fellow builders or marketers would be a huge help!",Kitchen_Equivalent75
Are airdrops essential in web3 or blockchain?,3,20,2024-09-15 20:58:19,"Good day everyone, so I run a very small tech community and one of our devs keeps posting airdrops link (specifically his link) on the community announcement channel even tho i told him ""it's not what our members are interested in and it doesn't partian to tech"" still he fights back saying it essentially and part of web3.

Now I don't know much about web3 or blockchain but I don't think airdrops can give you a good understanding of how web3 or blockchain works, so any advice would be helpful 

Thank you.",Bug_freak5
Can a decentralised AI exist?,1,4,2024-09-13 14:34:26,"What are the pros and cons? 

Will it save the resources needed to run AI models?",jaadoo_baba
"Is GameFi Actually Sustainable, Or Do They All Inevitably Collapse? Examples of Outliers?",13,7,2024-09-13 11:36:47,"I want to believe in GameFi, but I have just been disappointed by lots of the stuff I saw in previous years. Is every GameFi project doomed to be a failure? Any examples of exceptions, that could make me change my outlook?",The_Laughing_Gnome
"Where did WBTC go wrong? Custody, depegging risks. etc.",16,2,2024-09-12 15:54:52,"Is anyone tracking the WBTC drama? I only have a small exposure to it but trying to get a better understanding of what the main push back is with the recent changes of custody and the Justin Sun drama.   
  
",Cute_Character_3261
Is hiring a game development company for web3 game development a good choice?,0,12,2024-09-12 07:51:01,"Hi, for example i wanted to get a web3 game developed for my business is it worth it to hire a game dev company or so individual team of devs?",lohitbr
Web3 version of WordPress plus hosting recommendations ,0,3,2024-09-12 06:38:53,"I looking to start a simple website and mess around with some ideas and looked at the traditional route and then wondered if there was anything in the Web3 world that could do the same

Are there any:
-Services to provide of website creation like WordPress
-Hosting services
-Domain registration

Would the website then still be disxoverable via traditional routes (search engines)? ",Neither_Quail9635
Is it really web3 space is dead or is it still worthy to go for web3 auditor or researcher? Opinion please ,2,3,2024-09-11 04:48:13,Is it really web3 space is dead or is it still worthy to go for web3 auditor or researcher? Opinion please ,FunDinner1173
Decentralized M&A Platform for Web3 Projects,3,1,2024-09-10 17:37:25,"I've been developing a decentralized application that aims to revolutionize Mergers & Acquisitions (M&A) processes in the Web3 space. This project explores how blockchain technology can create a trustless environment for complex business transactions.

Key technical features:

1. Tokenized ownership representation
2. Decentralized escrow mechanisms
3. Smart contract-based transaction execution

The platform leverages these components to address traditional M&A challenges such as trust issues, intermediary reliance, and lack of transparency. By utilizing blockchain technology, we're able to create a more efficient, scalable, and transparent process for Web3 company acquisitions.

  
The project is currently deployed on the BSC testnet for experimental purposes. We welcome technical feedback and insights from the community on how we can further contribute to the decentralized web vision.",CauliflowerUnlucky42
Web 3 Game Idea - Feedback Requested,1,5,2024-09-10 16:46:27,"I had an idea for a Web 3 game that I think would be really interesting. Just writing some thoughts out here for feedback and/or more ideas.

Basically, a mix between Risk, Catan, and Clash of Clans. The core principles of the game are trade, war, and resource management. There are 5 factions on a big island, each faction has a monopoly on some resource that is critical for everyone. Therefore, everyone is locked in a state of interdependence and need to trade for resources.

You buy an NFT which is a parcel of land in a given faction, and then can start building a base on your land. The base would allow you to produce resources, build an army, and participate in regional (faction) governance.

Then, on the borders between all the factions you‚Äôd have ‚Äúoutposts‚Äù. Initially they are unclaimed and players can go in, battle some bots, and claim the territory. These are resource outposts and can be used to farm more resources, get access to another monopolized resource (if you invade a diff faction), grow more food (to feed army and workers). Et cetera.

I think this game would do a few things well: 1) set up real financial incentives within an MMO game, 2) lock everyone into a constant push-pull between diplomacy and aggression, and 3) be a living, breathing organism that is pretty uncontrollable by a central dev (besides some balancing)

What do you think? ",ValueEdge7
Need Help: Token Holder Engagement/Relations,1,5,2024-09-10 00:50:30,"I am planning to write a blog.

Can someone help me understand ""Token Holder Engagement"" & ""Token Holder Relations""?

Your input will be very valuable for me.",CalendarLow3599
Specializing in web3 accounting. Is this a viable space?,2,16,2024-09-01 20:30:46,I started a firm doing accounting and I want specialize in accounting for crypto firms. I have a few clients and enjoy the work. Would love to dive deeper into this space. How would you all recommend I build in this space,newcfchome
How are you staying informed on politicians' crypto policy positions for the upcoming election?,1,4,2024-08-31 13:21:34,"With the elections coming up, I've been finding hard to figure out which politicians are actually moving the ball on making positive crypto legislation vs. just making noise on social media. There's a lot on the line for crypto this election, so my friend and I built this simple way to check which representatives in your state are sponsoring crypto legislation. If you're interested, comment below and I'll send you the link. Would love some feedback on how to make this more useful!",airbender144
How to make crypto Exchange app in Flutter?? ,8,7,2024-08-30 13:37:57,"I want to build an app in which user can
1. Create a unique address virtual wallet in the app
2. Buy USDT coin 
3. Transfer that USDT coin to other user. 
4. Withdraw the crypto to native currency 

And I want to allow all this without KYC

Can someone guide me how this can be possible? What APIs to use? Any links to documentation, github, or any useful materials?

I would love to get any feedbacks, Thanks",ash_hu_bhai
Will Bitcoiners Ever Consider a Bitcoin exchange?,5,9,2024-08-29 01:52:33,"Hey folks, I've been thinking about this lately, I think it's pretty evident by now that hardcore ***Bitcoiners*** are all about *HODLing* their BTC. Not many are a fan of selling off their precious sats. But I am curious as to whether Bitcoiners would ever consider a decentralised exchange for **Bitcoin**.

Something akin to a *Uniswap-like* platform where you could swap your **Bitcoin** and other assets and then back again seamlessly. Is this appealing?

And if such an exchange existed, what would one want it to have? I am on about features, it could be anything from lower fees, security or a simple UI. Or is the idea of swapping BTC for anything else a no-go?",BatSignal9
I‚Äôm a newbie with probably a dumb question lol,4,7,2024-08-26 17:36:15,"So I notice that since a lot of social media platforms on web3 are decentralized we can monetize our own content. Is it common to monetize things like bookmarking/saving a video?

What aspects are considered the ‚Äúnorm‚Äù to monetize and what is not the norm to monetize?

Thank you in advance!",Longjumping-Shine-86
What are realistic Ethereum/Polygon gas fees?,5,1,2024-08-21 06:07:42,"[This website](https://tokentool.bitbond.com/gas-price/polygon) shows polygon gas is $0.00031-$0.00051 (per transaction?) [The same website](https://tokentool.bitbond.com/gas-price/ethereum) shows ethereum gas at $0.17-$0.054

[Polygonscan](https://polygonscan.com/gastracker) shows fees ranging from $0.20- $1.59 for polygon for over the last 5 minutes

  
Why does Polygonscan show such high gas prices?",ExilePrime
Is there interest in a Web3 service discovery platform?,14,8,2024-08-20 09:15:50,"Hey folks!

I was thinking about creating a Web3 Service Discovery Platform.

A directory and review platform for Web3 services, allowing users to search, compare, and review different tools and platforms in the crypto ecosystem.",No_Professional7654
Is anyone else super excited about DePIN in the Web3 space?,14,15,2024-08-19 12:43:55,"Hey everyone! üëã

I‚Äôve been diving deep into DePIN lately, and I‚Äôm curious‚Äîwhat‚Äôs everyone‚Äôs take on this from a Web3 perspective? It feels like this is exactly the kind of innovation we‚Äôve been waiting for.

We‚Äôve already seen Web3 redefine how we think about ownership and governance online, but DePIN is taking those concepts into the physical world. Imagine having decentralized control over the infrastructure we use every day‚Äîthings like roads, networks, and data‚Äîwithout the usual centralized entities making all the decisions.

What‚Äôs really exciting is that many of these projects are open to everyone, so getting involved early is low-risk. You can contribute, help shape the future of this space, and potentially earn some rewards along the way. It‚Äôs a true Web3 approach‚Äîcollaborative, community-driven, and empowering.

Here are a few projects in the DePIN space that have me particularly excited:

Helium: You might already be familiar with Helium, but it‚Äôs worth mentioning again. They‚Äôre building a decentralized wireless network for IoT devices, and you can set up a hotspot to support the network and earn rewards. This feels like it could become a core piece of our Web3 infrastructure.

MapMetris: This one really caught my eye. It‚Äôs like a decentralized version of Waze, where you contribute traffic data and actually get rewarded for your participation.

Solencio: Noise pollution is a big issue, and Solencio is tackling it with a decentralized network of noise monitors. Finally, communities have a way to influence and improve their own environments.

So, what do you all think? Am I getting ahead of myself, or is DePIN poised to be a major player in the Web3 space?",Sad-Region9981
Can I do web3 alongside web2? ,5,28,2024-08-17 10:45:32,"I've been coding for approximately 10 months and have a solid understanding of JavaScript principles, as well as basic knowledge of React and Node. However, I haven't delved into any backend concepts yet.

I've purchased a course that covers both Web2 and Web3, but I'm unsure if I should pursue both. I'm capable of understanding Web3 concepts, but I haven't secured my first job yet.

I'm concerned that focusing on both could lead to confusion. Any advice would be appreciated. Thank you!",Zrotra_Sukha
Social trading with your friends - exists already or not?,3,8,2024-08-13 08:11:32,"Hey yall, I was just wondering if there's a tool out there that allows you and your friends to pool your money into a designated contract and have a lead investor trade it for you. The lead investor is the most savvy crypto trader in your friend group. If it doesn't exist, would people want it?",JJZFIVE
Resolving contract addresses to a dApp/category,3,1,2024-08-12 07:46:12,"Hello

I am currently writing my bachelor's thesis about analysing transactions in web3, and I was looking for a tool/API that could help me with resolving contracts to services (or categories like DeFI, gambling,...). DappRadar offers this in their API, but only from the $499/month tier. As I am a student, I can unfortunately not afford this.

Does anyone know good alternatives that are free/low priced?

  
Thanks in advance.",brooky1010
Web3 Adoption ,11,17,2024-08-01 05:32:45,"I think if a Web3 company manages to crack the code for onboarding everyday Web2 users‚Äîthose who might not know much about crypto or DeFi‚Äîthey could really make a big splash. It might come down to perfecting UX, copywriting, or brand messaging, and it could take some time. But getting this right could set the stage for becoming a major player in the Web3 space. I could be off base, but I'd love to hear your thoughts and insights on this!",BatSignal9
How to fundraise,2,2,2024-07-31 03:11:02,"Hello, if i want to do a fundraiser and give everyone tokens based on the money they invest, how can i access the money without affecting price
 ",sohyp3
How to accept fiat payment on a website but receive in crypto?,7,12,2024-07-29 11:47:57,"I'm looking to accept payment on a WordPress Ecommerce website and specifically looking for a conversion of EURO to ETH/BTC.

I've looked into Coinbase API but I believe I'll have to do something with a combination of something like stripe and coinbase, looking for solutions and if there are any existing websites that have this feature.",ubaig54
Any Wordpress Plugins for Crypto Wallet Connection?,4,6,2024-07-28 19:47:22,"Hello,

I‚Äôm building a Wordpress based website with users repeatedly purchasing my service.

Curious if there are any Wordpress plugins for wallet connect. I‚Äôd like the wallet to connect and allow for account creation where there user creates a username associated with the wallet. At that point the user can purchase my service with the wallet and track their orders. 

A great example of this would be pump.fun and their ‚Äúconnect wallet‚Äù function. 

Any ideas? 

Thank you!!",AMCarbonaro94
Need help in P2E Game!,3,16,2024-07-26 12:28:04,"Hi Devs,¬†
¬†
I was developing a P2E educational game where users could earn crypto tokens and NFTs for the tasks given. Now, I'm struggling with how to payout the users in crypto currency after they finish the game successfully.¬†
¬†
I wrote some smart contracts for claiming the tokens by the user, but the problem is that the that the user needs to connect with Metamask to sign the transaction and get their tokens. I need a solution, like after playing the game, the tokens must be automatically transferred to the user's wallet address, and they don't need to sign the transactions. Anyone, please suggest some ideas for this problem.
¬†
Thanks a lot.¬†",Fast_Ad_5871
Feedback needed: Web3 password manager whitepaper,3,6,2024-07-26 07:50:58,"GM! We have just finalized our draft whitepaper for Neulock Crypto, the Web3 native password manager.

I'd really appreciate your honest feedback, especially in terms of clarity and technical accuracy. Also, feel free to share whatever you feel like about the project. Our intention is to bring some much-needed utility to the Web3.

The whitepaper is available here: [https://crypto.neulock.app/whitepaper/](https://crypto.neulock.app/whitepaper/)

Thanks!",DevelNeves
How safe is waku ?,4,1,2024-07-26 03:25:51,"Hey, I recently discovered waku from a vitalik's paper. I read their website and it look really promising.

But i didn't found lot of reviews about it, for example for a messaging app, how safe waku is compared to others apps like session or matrix ?

Do someone have a sufficient understanding to explain me what is the pro and cons of waku ?",iyarsius
Renting Out Extra Terabytes for Crypto on Web3 ‚Äì Any Services Available?,2,3,2024-07-25 13:55:34,"Hey everyone,

I have several terabytes of storage available and I'm interested in renting it out for cryptocurrency on a Web3 platform. Does anyone know of any services or platforms where I can do this? Looking for something secure and reliable.

Thanks in advance for any suggestions!",runawaydevil
Gas fees in on chain games.,6,7,2024-07-15 19:39:33,"Let's say someone creates an on chain web browser game like OGame or Shakes and Fidgets, that you have to level up things, and you could attack other players. That means every time I level up a Metal Mine or a I level up my ""hero"" I have to pay a gas fee to save that on the chain to maintain state. How can a user could be convinced to pay gas fees to save the progress of the game? Are there techniques to make this more appealing? I know I can use a L2 to make transactions faster and cheaper but they still need to pay something with certain token (based on the selected chain), which I don't know if a user is willing to do it,  having so many ""free"" games out there. ",panzertila
I am running in circles coming up with a web3 project idea.,5,14,2024-07-15 01:05:15,It's been some nights that I ve been thinking what could be a good solution to build using Blockchain. I don't want to create a crypto token nor sell NFT's. I want to create something that really fix a real world problem. Any ideas? ,panzertila
"Data value, data we own
",10,9,2024-07-11 14:17:53,"Hi,  
I am a student from 42 Berlin and with a few other peers we are developing an app that allow Telegram users to sell their chat history for AI training or fine tuning (the data is anonymised and not used for ads)

We found that most people are not aware that their data have value, and what is its value. Usually we don't know because our data is simply sucked out of the platform we use (Reddit, Adobe, Meta...). So the backbone idea of our project is to inform individual users but also to give them the possibility to earn money for what they have.  
Web3 is new for me and even though we are not (yet) a Dapp I think we are Web3 in our core.

We won second place of Berlin TON hackathon but didn't made it to the semifinals of the global hackathon (it seems TON is more into games and clickers). Now exploring the opportunities to continue working on it, eventually make a startup.

What do you think of the idea (I cannot share a link unfortunately, or I am doing something else that is wrong because I can't pass Reddit filters so far).

Cheers,  
Leo",SchoolDry9071
Is there a way to achieve access control in web3?,2,12,2024-07-11 13:31:04,"Is there a way to achieve access control in web3?  
I want to give access to content only to users who have paid for it.  
As far as I can tell, ipfs is not suitable for this kind of application.",NoOrganization4027
"Blockchain Development in Russia, blocked?",3,3,2024-07-11 05:46:42,"This question is targeted towards developers, cryptocurrency enthusiasts and subreddit geniuses.

So I'm a web3 and smart contracts developer, I work freelance and remotely. I am visiting Russia for a couple of months and I'm wondering whether I'd still be able to run my code and access web3 tools.

  
I noticed that there are 39 ETH validator nodes running in Russia: [here](https://etherscan.io/nodetracker)

I also found a subreddit saying that metamask is blocked in Russia: [here](https://www.reddit.com/r/cardano/comments/t6c9gx/shocked_by_meta_mask_shutdown_in_russia_could_it/)

I know I can use a VPN to get access, but my question is, as a developer experience, would that be a big change as compared to working from a country with no sanctions on cryptocurrencies, exchanges, and other tools/web3 websites?  


Appreciate any kind of input.",georgiodiab
Open source DeFi aggregator ?,4,0,2024-07-09 21:23:31,"Hey, I'm currently working on an app with the aim of relying as little as possible on trusted third parties.

Like a fully trust less wallet, and I would like to implement a swapping functionality. So I first thought that I could plug my app directly with smart contracts but I discovered that all DeFi aggregator are not or not fully open source and so I have to rely on an API at some points. Especially for pathfinding algorithms.

I searched for open source pathfinding algorithm but nothing, 1inch, paraswap, 0x... All their pathfinders are closed and rely on a private API.

So is there any open source algorithm that I can include in my app to be run locally instead of calling externals api ?

If not do you think it's acceptable to rely on them ? By adding a bit of trust in my app to gain efficiency ?

I admit that in principle I told myself that it was important that everything was done locally, without the need of trust, but maybe it's not that disturbing for this kind of thing? ",iyarsius
DePIN Sector: The Next Big Thing After Bitcoin?,50,54,2024-07-09 03:57:22,"I've been diving deep into the DePIN sector lately and came across an interesting thesis that compared Bitcoin to the emerging DePIN projects. It got me thinking: Bitcoin was essentially the first decentralized physical infrastructure network using a token. Now, we‚Äôre seeing a surge in similar projects that could mirror its success.



For instance, I'm particularly bullish on projects like IoTeX, Silencio, and the posemesh. These projects are leveraging decentralized networks to solve real-world problems, just as Bitcoin did for decentralized finance.



IoTeX is creating a decentralized platform for the Internet of Things (IoT), providing secure interaction between devices. Silencio focuses on measuring noise pollution around us while the posemesh is developing tools to help AI gain spatial awareness.



These projects, much like Bitcoin, are harnessing the power of decentralization to create more resilient, secure, and efficient systems. As we move forward, I believe the DePIN sector will play a pivotal role in shaping the future of technology and infrastructure. Is anyone else keeping an eye on these or other DePIN projects?",hizlaltatgw
"Should We Find Some New Consensus of Web3 Society, Besides ""Decentralization""?",1,2,2024-07-09 00:29:16,"Hi guys, I wonder whether you feel it necessary to reconsider the basic values of Web3 society, *""decentralization""*?

We do need decentralization, but only a certain type: decentralization with a sound consensus that can bring people together sustainably while also allowing for the creation of diversities. Such a consensus, rather than the concept of ""decentralization"" itself, should be the real essence of Web3 society. We don't need consensuses that bring people together only through monetary incentives or that stifle creativity.

The challenge to achieve an ideal consensus for Web3 society lies in the complexity of its membership. As Web3 society grows across more than a hundred countries, it's becoming increasingly important to create a basic cultural consensus for all these people to work together.

However, mathematical consensus, which only offers technical promises, cannot provide cultural support. We still need to agree on the cultural meaning of our current work. We do things not only for money, but also for the social values we believe in. A simplistic conception of ""decentralization"" is insufficient to capture these values.

Though it's very hard to find common Web3 values across many different cultures, it's a worthy challenge to take on. I'm currently working on a [framework](https://paragraph.xyz/@prehistoryofweb3) that people from all over the world, both Western and from major non-Western cultures such as China, India, and Islam, can all understand and agree with to a certain extent.

Unlike ideologies like political correctness or nationalism, this framework is open for everyone to contribute to. It could be improved by incorporating verified new examples and should be operated and maintained by a community.

Sincerely, I'm looking forward to your feedback. Do you think it's worth doing that? What cultural problem do you think is most important to solve in Web3 society at the moment?

https://preview.redd.it/2n7xbmwu7fbd1.png?width=328&format=png&auto=webp&s=f1c2865a45edad4b5e196a642b1c199e6393890a

",webthreedevotee
What makes you trust a Web3 project?,6,18,2024-07-08 15:33:58,"I find that a clear vision, good marketing and high quality meet ups make me trust a project more. What are the things that make you get involved in a project? As a developer, investor or any form of stakeholder?",divinesense888
Looking for a way to Mint NFTs with multiple pages/artworks,6,18,2024-07-07 17:26:38,"Looking for a way to Mint NFTs with multiple pages/artworks all inside 1 NFT and able to scroll/view them all inside of a wallet. This should be for example, a magazine that hass 12 pages. How can we make them all inside 1 NFT?",macarory
Any fund raising platforms available for web3?!,10,25,2024-07-04 04:48:35,"Hey guy's

i'm with a gaming background - and pretty new to the web3 world.

thinking about launching a combination project of mobile gaming & web3.

anyone can point me to a direction of fund raising planforms?

thanks!",yan88aga
The Pain Point of on-going DID solutions,3,7,2024-06-30 12:46:16,"After studying the ""so-called"" DID solutions like ENS, Privado ID (former Polygon ID), WorldCoin, etc., I found that the most critical pain point of DID is the lack of integration (I mean lack of credential issuers support, lack of integrated dApps, lack of adoption in different environment).

Is it the key reason why DID projects cannot move forward? Or are there any other reasons that you feel it is important?

I believe DID is the key to Web3, but DID projects' processes are far behind other crypto projects.",JackLKL
Testing and Demoing dApps as a Frontend DeveloperTesting and Demoing dApps as a Frontend Developer,2,1,2024-06-29 10:56:01,"Hey everyone

I'm a frontend developer with experience in TS, React, Viem, Ethers and with some Solidity knowledge.

I've recently been asked to do a freelance job for a crypto protocol that is going to be launched on a minor EVM compatible chain. The Smart Contracts are already develop and all I have to do is the UI and connect the UI to the Smart Contracts.

In other gigs I did, during development I would deploy the contracts in the Testnet and then plug the frontend into these testnets contracts and go from there. I would also use the Testnets contracts to allow my client to test the dApp on its own.

However this chain doesn't have a reliable testnet and the protocol actually interacts a lot with other contracts that are deployed on the mainnet. I don't want to deploy this in the mainnet since I'll be spending a lot in fees.

The obvious answer would be running a local blockchain on my machine but the last time I did was a while ago and I remember struggling a bit with it. I would also not be able to share the dApp with my client so he can check it out on its own without having him setup a local blockchain on his machine

So I have a couple of questions:

* Have you guys ever been on this situation? If so what did you do?
* Is there any local blockchain that is very easy to setup and control?
* Are there any tools to create local blockchains that are shareable?",dashing2000
I created a library to interact with tokens easily,3,1,2024-06-29 07:46:06,"Hi there,

I just published a library for interacting with ERC20, ERC721 and ERC1155 tokens called [web3tokens](https://github.com/lunaris-lab/web3tokens). My goal was to abstract complexity as much as possible to make something accessible to new developers and to save time for more advanced developers.

The library manage abi for you so you dont have to even know what an abi is, while offering modularity on the contracts interfaces. You can read, write and listen contracts in few lines.

It's one of my first lib so i'll be happy to read your feedbacks, suggestions or criticism to improve my lib.",iyarsius
Need Suggestions for web 3 hackathon ,2,6,2024-06-27 06:34:41,"I'm planning to build in the Web3 domain and incorporate AI technologies. Could you please suggest some project ideas that would help my work stand out?

Thank you in advance; any suggestions will be greatly appreciated.",Cadalt
Best onramp API service in Europe,1,2,2024-06-25 17:36:07,"We are looking to integrate purchase of USDT in our product through credit card. What is the best onramp service in your opinion?

Criterias are reliability and best  rate/lowest fee for EUR vs USDT purchase.

Ideally through API but external link is also ok.

It needs to work in EU.",Gold-Illustrator-307
Sepolia RPC returning stale data,1,3,2024-06-21 06:22:45,"I'd like to know your experience with the Sepolia testnet.

I'm developing a dapp, and things worked well on a local Hardhat node. Then I deployed the smart contract to Sepolia, and my dapp randomly gets stale information from read\_contract() calls.

It was using rpc.sepolia.org as the RPC provider and then I changed it to ethereum-sepolia-rpc.publicnode.com. After the change. I started getting fresh reads more often, but occasionally it will return a stale read.

I haven't identified any pattern. Sometimes it will get a fresh read, and the next call will return stale (older) data.

At this point I don't know if I should spend time debugging my app. It shouldn't be caching this data, so I don't believe the bug is in my code.

Have you had similar experiences with the Sepolia testnet? Is it even possible that these RPCs are returning stale data, or there must be a problem with how my dapp is using them? Would you recommend a different RPC?

Thanks!",DevelNeves
Web3 idea feedback.,5,7,2024-06-19 14:46:41,"P2P Logistics.

Replacement for foood delivery where users can create orders on the blockchain, escrow money to restaurants, share their location, while delivery riders can accept these orders, share OTPs to verify customer and restaurant.

All exchange is done in a p2p way, think sockets.

The network does not know, what the user ordered, what are the OTPs. The network only has information of order states.",XxBySNiPxX
I want my garment manufacturing shop to be the first fully web3 integrated factory on the planet. ,4,9,2024-06-18 20:51:55,"Test my plan see how it holds up.
Web A. The shop will have tokenized material supply. As each shirt operation is completed it gets a corresponding nft. Customers can take ownership of these nfts piece by piece by smart contract. So buying becomes automatic and happens in stages safe micro transactional stages that require photographic verification of each piece while it is still in the shop. 

Web B. Investors can buy the shop token. Traded like normal, but also the shop token has extra fuel to increase in value because, it's tied to the physical prosperity of the shop. As we satisfy more and more customers, earn more and more profit, the token almost guaranteed to increase in value. Smart contracts distribute dividends to token holders. So if we can follow the 4% growth rate of a company then our token as an asset should appreciate accordingly.

Web C. A yield farm. The shop encourages long-term investment by distributing reward tokens for those who vest there shop tokens. They're invested tokens continue to earn dividends from that actual profits of the shop and their reward tokens accumulate value based on all of the normal factors of a crypto. 

Web D. Because it's a physical shop, investors can earn additional rewards by referrals to investors are incentivized to help the shop actually grow and in turn that will increase the amount of dividends they themselves get. It becomes a self-fueling bonfire of self-interest generating collective benefit. 

Web E. Governance all members of the investor group can vote on initiatives by spending shop tokens. 

Web F. DePIN. Once processes are set in stone, we issue tokens to prosumers who wish to subcontract on a peer-to-peer level. Anyone with the required equipment can perform operations provide the evidence get their work approved and then receive tokens for every successful operation they complete. 

That's my idea of how to interconnect the shop to the web 3 infrastructure. Poke some holes in that let me know what logic I'm missing but overall just seems mutually beneficial on a worldwide level.",hihdaniel
How many legit users of Web3 are there?,16,39,2024-06-18 03:05:07,"I am someone who has lived my entire life building web2 applications. I'm struggling to find the real value of Web3 applications and how many users actually use them. If there aren't a ton of users using Web3, why not? Projects like [Hivemapper](https://hivemapper.com/explorer), [io.net](http://io.net) already have web2 solutions, yet these projects have a massive community and have raised millions. 

I'm a noob in the Web3 space so could someone tell me what I am missing?

The main difference to me is how these projects are financed. Giving people token as rewards is a different type of incentive than giving straight up cash. 

",monotony23
How do you find Growth Strategies in Web3?,5,18,2024-06-13 18:30:50,"Hello, we are building a huge-potential DeFi protocol with some cool AI features for risk management. The main problem is that we struggle to find a good and proven experienced Web3 Growth Strategist.

Anyone is a G.S. Or knows where to find them? Thank you!",gkm-chicken
SAFT Problems,1,2,2024-06-07 03:06:22,Are any of you using SAFT agreements now? For meme coins or else. Do you struggle in having an easy way to transfer it to third party? We have developed a liquid SAFT and would like to know your opinion on such problem. ,ArtemAfian
Resources for Blockchain Development ,12,9,2024-06-03 01:52:59,"I'm a recent graduate with a degree in Computer Engineering. I know the MERN stack and completed an internship as a Solidity developer during my second year. However, due to placement preparations, I shifted my focus to DSA and web development.

I've applied to over 2000 companies since last August, completed assignments, and attended interviews with around 15 of them, but I‚Äôve often been ghosted by companies. This has been quite frustrating over the past year.

Now, I want to return to web3 development. When I reviewed my old resources, I realized they are outdated. Web3 has evolved significantly, especially with Ethereum transitioning from Proof of Work to Proof of Stake.

I am looking for updated resources to learn and implement the latest web3 technologies. Additionally, I would like guidance on creating a web3 project that I can showcase on my resume.

Could someone suggest good resources for learning and implementing new web3 concepts? Also, any project ideas that align with current industry standards would be greatly appreciated.

I'm a quick learner, so if there are any openings, I'm open to joining immediately. Pay is not that big issue.",EcstaticWolverine197
23M SWE in Dead-End Job Eyes Web3,5,8,2024-06-01 15:59:10,"So, I'm a 2022 grad stuck in a core Java (Java 8), JWT, desktop application rut at a big MNC. Don't get me wrong, I give 110% when I'm on the clock, but this legacy system stuff just isn't cutting it for me. I crave real problems, demanding work, and the chance to make a real impact.  Balance? Nah, I'm all about full focus when I work, full recharge when I rest.  Chasing that 9-5 grind just ain't my style. I'm down to take calculated risks for a career that excites me.

That's where Web3 comes in.  Been diving deep lately, and the whole concept of a decentralized future is mind-blowing. But is it just hype, or is there a real future here?  Can I build a fulfilling career in this space?

Would love to hear from experienced folks:

Is Web3 the real deal or a fad? Future-proof or flash in the pan?
Where do I even begin? Resources, courses, experiences to get my foot in the door?",Narendran_nr
Secure User Wallet Storage for Centralized Crypto Exchange (CEX),3,2,2024-05-27 14:51:08,"Hi everyone,

I'm building a centralized crypto exchange (CEX) and I'm prioritizing user security. One of the most critical aspects is securely storing user wallets, including both public and private keys.

I'm reaching out to the community for expert advice on best practices and secure wallet storage strategies for CEX applications. Any insights or recommendations you can share would be greatly appreciated!

Thanks in advance for your help!",LACT10
Deeply learning about tokenomics,3,8,2024-05-26 17:23:43,"I'm planning to create a token \[on...network\] and want to ensure it succeeds.

Thus I am interested in learning more about tokenomics and the process of developing tokens, in the ethical and successful way. What are the best resources, including books, blogs, courses, and online tools you know?

BTW, I have already created tokens (""coins"") on Solana and Polygon, so I know the very basis.",No_Sir_601
Exploring a Community-Powered Brand on the Blockchain,2,7,2024-05-23 17:30:29,"Hey.

I am creating a decentralized, community-powered brand on base blockchain.  
Here's the vision :

* Enable each NFT holder to get a share in the brand.
* Make all decisions on a decentralized collaborative hub.
* Distribute profits annually among shareholders.

This project aspires to create a community-governed venture where the board is the community.

What do you think ?   
Are there existing projects with a similar approach ?   
  
Would love to hear your thoughts.  
Thank you üòä",mogaiart
Some questions about web3.,3,8,2024-05-18 21:38:10,"I have just learnt about web3. Doing some basic googling i found it was all about a decentralized web that uses the block chain.

1. how is the block chain involved with web3  
2. how would standers and practicals that are the backbone of the internet be maintained.  
3. Inset having everyone needing to login with a Ethereum account completely contradict the point of a decentralized web..

Thx for clarification on my questions. ",ClothBanana
Web3 community platform recommendations,3,3,2024-05-15 10:23:40,"I'm looking for Web3-native community building platforms for the Neulock Crypto password manager dapp. Initially it will be used to communicate with alpha & beta testers. After release, it will also serve as customer support and member discussions.

After reviewing several alternatives, two look very promising: Console ( [https://www.console.xyz/](https://www.console.xyz/) ) and Common Ground ( [https://www.commonground.cg/](https://www.commonground.cg/) ). They both support sign in with wallet and token-gated channels.

Does anyone have any experience with these platforms? Any other options worth considering?

Thanks!",DevelNeves
Marketing in Web3,4,16,2024-05-15 03:59:13,"What do you think are the best web3 marketing tools now or what should leverage to create a successful marketing in web3 project?

Content marketing, Influencer marketing work well enough, with mixed success, but it is interesting to hear opinions.

Perhaps you have witnessed some interesting stories related to Web3 projects where marketers outdone themselves. Let‚Äôs talk! ",Brave_Cup9196
where does popular bridges keeps their private key in backend in dapps?,3,9,2024-05-14 05:24:05,"I have an interesting question, that major players of bridges and other dapps, where do they store their private keys at their backend? 

I mean what flow do they decide so that only owner of that project have access to that. No devs , no devops, no one else.

I am expecting answer to be both web3 solution as well as web2 solution.",No-Mathematician952
Good white label crypto payment gateways that don‚Äôt require KYC?,1,9,2024-05-13 04:36:22,"Just as the title says really. Are there any trusted solutions out there? Essentially need to include crypto payments on my site using my own branding + checkout functionality. 

Can‚Äôt find any at the moment, so do I need to create one from scratch? ",Afraid_Employment387
what should I do with nft ranking algorithm tool ?,3,12,2024-05-11 10:16:22,"I was creating a project with this tool to help investors choose the right NFT with a marketplace like opensea but even better one but I had some issues in real life that forced me to stop working on the project , i have made this script with pure javascript its too fast , my question is how much should i sell this script online , or what should i do with it to get money ?

I need an advice regarding this, my life is in danger this is why i stopped and wanted to sell it , please before going harsh on me just advice me.",Reddet99
1 to 1 // Human to User - authentic technical solution? ,1,4,2024-05-10 14:01:29,"I always figured blockchain technology was the solution to authenticated 1 for 1, human to user engagement/interaction. For example, a person can only engage once on a given interaction on a platform. In other words, one person cannot create multiple user profiles to engage with the platform.
This is somewhat the bot dilemma but also the prevention of authentic but duplicated user profiles to one human.
Now, I'm hearing that blockchain isn't really the solution to this problem. Does anyone know if that's true? Or does anyone have any helpful resources in this area?",Fuzzy-3mu
"Best React multi wallet support for mobile (Web3modal, Rainbow kit etc)",2,3,2024-05-10 03:18:32,"Has anyone done any testing for the best wallet support experience on mobile ?

Its been a while since i tried to implement it and before it was pretty dire. ",Straight_Collar_1128
How do you currently monitor and processing transactions?,1,3,2024-05-09 17:58:41,"For any builders who accept crypto payments, what tools or provider do you currently use.?

Or are you currently looking for a solution?",d41_fpflabs
Invalid exchange ABI for script,1,6,2024-05-09 10:13:22,"I'm trying to create a python script for arbitrage using Aave, Sushiswap, and Uniswap. Everything seems to be working except for the ABI information. I copied the ABI code from the contracts, but whenever I try to run the script I get an error that says:

ValueError: Could not format invalid value {'status': '1', 'message': 'OK-Missing/Invalid API Key, rate limit of 1/5sec applied', 'result': '\[{""inputs"":\[{""internalType"": (etc.) And that's just for the Sushiswap abi. I would love some help with this! I'll just include the Sushiswap info for now, and I'm sure I should be able to use the same fix for the other exchanges as well.  
Sushi ABI: [https://etherscan.io/address/0xd9e1ce17f2641f24ae83637ab66a2cca9c378b9f#code](https://etherscan.io/address/0xd9e1ce17f2641f24ae83637ab66a2cca9c378b9f#code)",SirStarshine
library extension for web3.js frontend ?,1,6,2024-05-05 19:14:01,"I am using web3.js for my frontend.   
started loading balances, token list etc. etc.

But i just noticed most of web3 Dapp frontend have very similar frontend,   
they all have the same coin-selector, same visual appearance.   
Are they using the same library(beside web3.js), or template?",dht201
Using microworkers to advance Web3 world,2,2,2024-05-05 13:35:56,I've been reading about about how companies like Gems boomed and busted in trying to make a Web3 version of MTurk. Has anyone brought that vision to life successfully? I'm wondering if a platform like that could help Web3 companies and if so what types of microwork would even be valuable. Let me know if have any thoughts ,WheelsUp24
Bonding curves for betting markets?,1,3,2024-05-04 09:25:10,Why has no one used bonding curves for betting markets? It makes sense to amplify gains for the degens isn't it?,sparsh610
Password manager dapp: is Ethereum L1 worth it?,5,12,2024-05-02 05:59:22,"I'm bringing Neulock password manager to the web3. Thanks to its zero-knowledge nature, this password manager can store data onchain without compromising security.

Our team has finalized the security architecture. Roughly speaking, the user will sign in with WalletConnect by performing an Ethereum personal\_sign on a constant string. Two keys will be derived from the resulting hash: a Neulock master key, and an AES encryption key. This way, the user can access their passwords on any device simply by connecting to their wallet.

The encrypted blob of user data will be uploaded to IPFS/FileCoin. As usual with Neulock, this data includes no secrets, even after decryption. An updated reference to the current CID of this user data will be kept in an EVM smart contract.

Password creation and updates can be batched, so users can make/change many passwords and commit only one transaction, reducing gas fees.

We're now having heated discussions about what chain will host the smart contract.

As team leader, I favor hosting it on Ethereum L1 for the following reasons:

* Ethereum L1 has the strongest consensus incentives.
* Users are more likely to already hold ETH than, say, MATIC or OP.
* Transactions are immediately reflected on L1, increasing security, or at least its perception.

L2 advocates have good points as well, of course:

* Much lower transaction cost: currently, it costs about US$ 5 to commit a batch of password updates to Ethereum L1. Costs are below $0.50 on L2 and, in many cases, below $0.05.
* Depending on the L2 chain, transactions can get committed much faster, resulting in better user experience.

If we go the L2 way, we still need to decide which L2 to choose.

What's your take: does it still make sense to host dapps on Ethereum L1 in 2024, given the maturity, greater speed and reduced costs of existing L2? Would you prefer to use a password manager on L1 or on any particular L2?

Thanks!",DevelNeves
Which blockchains would allow me to deploy ERC 721 smart contract without reputation issue?,1,2,2024-04-30 00:58:17,I deployed a smart contract on TronScan. It flagged my smart contract as suspicious immediately. It looked like they only allow famous and rich people to create tokens. I really don't like that reputation system. Which ERC 721 blockchains allow you to create ERC 721 NFT tokens freely without reputation problem?,[deleted]
What's the playbook for crypto / web3 startups?,8,14,2024-04-28 23:16:17,"Hey guys, I've been working in Web3 for around 4 years but am still having a hard time understanding what startups are doing in the space. 

I believe that crypto people used to love building in the past, but for now, it seems like everybody is working on infra stuff, no real value stuff, just creating new content to let users make money. 

Some people simply accept this situation and say that as long as they make money, that's enough. However, I find it hard to understand if this is truly a good thing.

What do you think of this? ",unamed122
Web2 Engineer Seeking Guidance to Transition into Web3 pen_spark,4,1,2024-04-28 07:43:16,"Hey r/web3,

I'm a software engineer with a solid background in traditional web development (Web2). I've become captivated by the potential of Web3 and the decentralized web, and I'm eager to make my career transition into this exciting space.  
**My Background:**

* Experienced in Java, Golang, Redis, Kafka (backend technologies) 
* I recently completed the ""Exploring Web3 & Blockchain: Key Concepts & Industry Cases"" Udemy course by Ivan Louren√ßo Gomes to gain foundational knowledge.

**Seeking Guidance:**

1. **Skills Gap:** What are the most in-demand skills for Web3 developers that I should prioritize, considering my Web2 background?
2. **Learning Path:** Which resources (online courses, tutorials, books) would be the most efficient way to develop those skills?
3. **Project Ideas:** What small-scale projects could I start with to build hands-on Web3 experience and a project portfolio?
4. **Job Market:** How active is the Web3 job market currently? Are there specific platforms or communities I should focus on for job opportunities?

I deeply appreciate any advice and insights that you can offer. I'm excited to take the next step on my Web3 journey!

**Thank you!**",indsonu
Noob question about finding nodes,1,4,2024-04-24 15:50:04,"For example I want to connect to some decentraized netwokr. But how can I get list of nodes' ips? There must be some hardcoded list, or some server that gives it to me",Standard_Yellow_171
Web 3 for a beginner,18,23,2024-04-24 15:41:26,"Hey all, I have been in the crypto scene for a few years now and slowly strayed away from it. However Web 3 is something that has caught my eye and just seems very innovative. The issue is I know nothing about it or any of its current practicality. I've owned cryptos that are based around web 3 but have no idea what I'm really owning. If anyone could give me a general rundown, experiences they've had or any kind of wisdom it would be greatly appreciated!",hdndbbbbfb
Do there exist any web3 api orchestration layers? ,2,3,2024-04-24 15:38:20,essentially something that acts like a 'middle layer' that would manage/optimize/integrates different blockchain services and APIs into a interface for me,funnyarabman
Any tips or shared experiences would be appreciated,2,1,2024-04-24 09:38:38,"Has anyone experienced issues with multi-signature wallets in a crypto exchange? I'm trying to set up a secure environment for my team, but we're running into some complications with signatures and access permissions. Specifically, we're facing delays in transaction approvals and occasional errors with certain wallets. What are some common causes of these problems, and how can we troubleshoot or improve the setup? ",elizebethemily
Suggest roadmap for getting into web3 üôáüèª,8,3,2024-04-24 06:02:02,"Currently m doing full stack at a Ai startup , we‚Äôre building something for web3 devs. 

So in order to fully understand the web3 devs pain points I also wanna learn and build something in web3
 but when I start anything its to overwhelming, like where to start , which blockchain to study first, which is popular and so on.. 

So if you were have to start learning again how would you do it.

Please please please suggest something like docs yt channels or courses 
It would be a great help",RevolutionaryJump342
Need some insight on the feasibility of web3 development,2,3,2024-04-22 23:24:03,"I am a hobbyist developer who has supported Bitcoin and blockchain for quite a while, and I would love to get into web3 development, but I am missing what the incentives are for a decentralized cluster of nodes to be run if there is no financial underpinning (I.E token) to incentivize node runners to keep their machines running to keep the security of the network up and keep it decentralized.

What am I missing here?   

If say I work on top of Solana or Ethereum, for example with smart contracts or tokenization project, then wouldn't there have to be some built in token integration into my project? Designing around this seems like a nightmare.",Lazy-Might-5661
